location_id,rr_mean,rr_lower,rr_upper
196,1.54014316033021,1.31151371450822,1.7687726061522
